Haemophilus somnus 129Pt	205914	25682.H_somnus_129Pt.goa
Haemophilus somnus 2336	228400	30537.H_somnus_2336.goa
Hahella chejuensis	349521	22516.H_chejuensis.goa
Halalkalicoccus jeotgali	795797	36910.H_jeotgali.goa
Halanaerobium praevalens	572479	71050.H_praevalens.goa
Halanaerobium sp.	656519	77702.Halanaerobium_sp.goa
Haliangium ochraceum	502025	33223.H_ochraceum.goa
Haloarcula marismortui	272569	20560.H_marismortui.goa
Halobacterium salinarium	64091	22.H_salinarium.goa
Halobacterium salinarum	478009	30459.H_salinarum.goa
Haloferax volcanii	309800	35979.H_volcanii.goa
Halogeometricum borinquense	469382	33392.H_borinquense.goa
Halomicrobium mukohataei	485914	33241.H_mukohataei.goa
Halomonas elongata	768066	58980.H_elongata.goa
Haloquadratum walsbyi	362976	25333.H_walsbyi.goa
Halorhabdus utahensis	519442	33219.H_utahensis.goa
Halorhodospira halophila	349124	25987.H_halophila.goa
Halorubrum lacusprofundi	416348	32186.H_lacusprofundi.goa
Haloterrigena turkmenica	543526	35457.H_turkmenica.goa
Halothermothrix orenii	373903	32172.H_orenii.goa
Halothiobacillus neapolitanus	555778	32942.H_neapolitanus.goa
Hamiltonella defensa	572265	33984.H_defensa.goa
Helicobacter acinonychis	382638	25793.H_acinonychis.goa
Helicobacter pylori Lithuania75	907237	83229.H_pylori_Lithuania75.goa
Helicobacter pylori P12	570508	31793.H_pylori_P12.goa
Helicobacter pylori PeCan4	765963	71044.H_pylori_PeCan4.goa
Helicobacter pylori SJM180	765962	71042.H_pylori_SJM180.goa
Helicobacter pylori Sat464	794851	71040.H_pylori_Sat464.goa
Helicobacter pylori Shi470	512562	31097.H_pylori_Shi470.goa
Helicobacter pylori SouthAfrica7	907239	83231.H_pylori_SouthAfrica7.goa
Helicobacter pylori v225d	637913	37178.H_pylori_v225d.goa
Heliobacterium modesticaldum	498761	30449.H_modesticaldum.goa
Zymomonas mobilis NCIB 11163	622759	34729.Z_mobilis_NCIB_11163.goa
cyanobacterium UCYN-A	713887	35470.c_UCYN-A.goa
